Entry,start,end,sequence_sha256
O32178,0,789,156a33b0bd014deaad71bdc2f52e28cf4485fabbd8c1b172360a0603bf9440fb
P29898,0,103,ed516e6e7cf1c21be9e6994497c5195bca4448fc7e4e4ff0ebd379847b4a9a6e
A0A075HNX4,0,479,f4ca53d950ef41496bb2676cb717dcfb5858fa1f3f343b0ca65174c0f109e1db
Q9FM84,0,252,396f7651a226f09d8b728706c45302992325323ae1aa6dfd0830445bc32b6f9f
I1SB12,0,495,e84603bb2ed0efb981cb512f140b6803af79f5ed9f5cf48b1f3cc4131e60620b
P13650,0,478,bcadb021e463fd453661480facb12888c72169d38535de1c57dfc6fbee456cde
Q8FP91,0,642,ed42dc291e9c43fcdeed73c29f9573f230c9b913b277467786efa1bd40be4486
O34214,0,615,225b5b66bbf998434f44f315c56f7b1736c0c898c7a59f70a3b9e69b6c45b119
P52073,0,350,befc044eca0b807f32537c7ecfd46d24f2b2e824a1ebf51634eb4b9fdc0cfa1d
P17489,0,609,7fd8ae0c72fa6048eb6987a544cfb955cbe3b4fd7c429da01a40adf3385b99d0
D5JAJ1,0,318,ed93436ffe5930397691d5864071aab97c4234967a0345b3a2f11ea811e4084f
Q97ET8,0,184,b468e629449e862d6bfb6fed8c87f5844451a918dfbc7096be1163c4652e19d1
Q56185,0,198,1491e0ce8f12d4d580ebe6632a3342cb521e7f39cc206cf8ba66d7671e74c74f
P22318,0,234,7d88c967100ab7a50e5fa52d298d7c2697baa523321f0498e33a4ab19e03c9b3
P22319,0,209,8e033cb25d2e2e5021fabca99ef71f24010713ccea4e6b09a8d81a5c065ad632
P22320,0,488,061e58852532f729c9eb1516ef88383e7cb5f85449b8743b757dbe98cd2d4a7e
Q8U0Z6,0,427,e20581968018eaac9a5894042e94b105cabbd5b470d97a1a161647bd73e1f5c8
Q8U0Z8,0,167,0d1070c0e2ab85dc8ed772b2ab2b78594cbe0dd370ad6d9035c6b6639b6f710c
P69741,0,372,d33944a2933b9c117a31f95a0a1484f06fde4ab54e71a725c460b4c3d42e7195
P42106,0,337,ecdb3182a257cc3a0f9d76dc6a2727f72783a32a5a5aa5012d6b1442a33ef720
P17296,0,320,449d7de9a08ef11ea45173b140097204591ec8f398a7289e6d1a0f2e56ef5dff
Q4PNI0,0,275,a8cd089c7d18a533e3b34c6eb3a9db91fb307594877c97edac9c366c4e6fc0aa
Q01284,0,378,9d78c2fce433b5c9ce9cb90e52b63e24dc2a2cf8960ad17bfea7eaca1c6dee9a
Q9RBG4,0,150,e73c2257ad3b666499add1b56a72b6b8df77df27fd7c9f4e2ac19c3b11bd0c06
Q4P0N0,0,600,021afe24e71b562ad360878a0dc194a49a1fede93b76390b9d8b3057cf4328bb
Q9XJ38,0,463,21f742e00fe6645dd4af345b5f5520e7d52d53c0c5b41c7e1d91318cf1b84a5a
O31534,0,108,065a2f3436d0880a86ad6619af65d778a22660d9bf98d09ede35f0a2c65f70d7
P38049,0,166,d46b71c9176e9e63dabc3f71ccf5d28409ae7b2a06b00fb464b3943b057d2492
A8HQD7,0,361,a58d79697567d08f88c0a48ce5d1aaa12e6a50edf45fadf1e7e155a15cadb246
A6BM06,0,368,91a9a1e618a2511ad2bc6098c89ceabd9922dee3dddf16ece7338b9a1986bf26
P25338,0,174,f54773adeb844773f60e3508db03a476bf7caf1334c6f2f4da5a90740d528afa
O13737,0,222,4559fb31c545952a7d49480846c1df8f5bb6ac1ca675d4f291cf7c19a5891ab3
Q8J130,0,630,5ac2874e3eb7892f77c1f6595cec1e32c6a24656854930fd4801a938ed82859a
P21147,0,510,31b67de0a5fabec9af2611addcd9f732dd21f0325a2c0ca465b5c3c9574e6018
G3F5K2,0,387,41ce1c1c55b3406e502bb02763ef6bfab0a8a378c163c26fdc105ae2c5534956
Q9KL41,0,176,ac192a00335eace644b3ebfabcac5110cfa43b89d621d8e4a10d319d75bf7dff
G3XCZ8,0,198,da59a8073c4defb628fc38c685c62b59618c7131fffb9eb49a47bf7f5bc8ca3e
Q46871,0,254,01b6e0a2858eead9509b4a39d3a4e94fea6f7b86b83d46097d98e26376094f59
P32791,0,686,c1ba5e5604c21c20456cdcb7d50087d813284b0368df19131fce7eae8451a7fd
I7HD01,0,189,2be1462ce9456241aaaa2421ee07e9d854f76c3abe07648af8558bfef543c8a4
Q07540,0,174,82b454435b345a6b083e1bafae1717b694a0ea8e9702d44ce19d2bb8f40cae42
A0A0F5HNH9,0,192,06f883e5728e6982121296e93de364a928e313821abbc2d2c4223c512fdf2451
O32144,0,745,60862726d84f0f83437fc8ff6e901d19268fd76b4e2c241759806d49f48851ed
Q0QLF2,0,425,067e532c94daafe1333ccdc51c48f2c7f855d388a916cffa245bbfacf275f87a
O32147,0,330,8f73150f334b0de7fef87403b93669c79b1493646a5d015a535aec68f2903dcd
O67475,0,696,273d4d361d1be707662f5aaf9c4b4e4112afaffb7f5d553caa7417e02bbcacd6
Q8RI52,0,827,8e97d51067de39c2ebe9d15409040adef17d7e895bd518276e87279c3acc4a26
Q8I295,0,535,ce40abab6255fcc261bfb3018c76ecc02a163a291f973fb7b3bfe907806dadfb
B2S3D9,0,376,b456c4bce0ffa638416c1ffe46f8f1443262a87113de2de7a904744d2df72176
O24926,0,368,4c9b23afb28184f7c8d775d84c1cc25d70c3c89776c0f87d3c5deff4c8105720
Q38YM3,0,328,bccb3a8dda1a2073d650772e8bcd22f40b68428c1336ec842a397f4205d5bc3f
A9FRJ0,0,244,53ec4ef914c93dc56cc9ea87acf66a4491968887e026f06c8fdaaeb01969788f
Q7NBE9,0,328,e4be34d1aa4815d50b8739c338ae7e5e14b5f4a532ddd79c59057d8699b17663
Q6MEC8,0,340,19500bfcbae8f74b995f0b7da9f3ba8ee8f300ce1e94f3377f80d1728a2d28a3
Q69R21,0,837,61bb32f9438a3c89a3fa87de4f7664d2f8d29b44e743bbd165c1a3ddad2b6ea9
P9WF02,0,469,5baf7c458352c557158e40cad38e971f61910a2b52a0f091dfe8ac6ed9de126a
Q2RI40,0,315,8eb6f2cec58eb749466fbd6bd245996b8f0b58f2dffd8c176a86e68b001aca1f
O26801,0,477,2cbf4c7a5a0a36949126a501aa7005fa945c6675afa83fdc501985f8bd791c04
O53182,0,653,918953257ca19ec03e56fda87de2f0ca8167d01b67fac045a20d99390eacedd1
F4KU78,0,222,c38c50014847c14f21fcdd465251e53f90fe72b08129de7afd8413f5969a6368
B9K712,0,186,f4a20beedf106e8b3a605ec44e71e27cd35e0675998a354bcf35272c74b16982
Q9Z4P6,0,629,2543f084c7b5c4a7d1d956c97a797ff7b310f38bf5ec13b175faaa278e4625e2
O68252,0,501,34cb4992cb2a9953fee0cf912549206540ad3bf9e3a6fb26bc857b6a3d3cec22
P40526,0,253,2189eadab8527f593aebeb2e385e54f5dae72e9264fdc1d84c8c0a93f4f8bea4
P42593,0,672,8aefa9c88fc02660e965e7d1a8ced409083f23b5dc5e8f94f2cb45c895dff29e
O69721,0,323,1f7566f00873e8f5e5f155ac3e9205552a30b1cd042a77cfff0fbf7f4fed31e0
Q93Z96,0,233,1fcaf24c963890fd00c7b32c3b7d4752c4c06793da62a9d396476ae1a4522fbe
Q10062,0,490,44d4b39cf8a64206b92c6b3caa73bacba97ce87201778a9f64b4998574ddb640
P0CZ24,0,187,3d36784e418a63b4ac86e0c77413cf80630f98fb57a2ab5c6ff02cdfd300332a
Q4QIU7,0,231,9b2f1115b8baba55232bf0dab13e2aa0064eb174707fd18140ddb0a450220b86
Q08210,0,569,dbf8965836f2600cb1a56f3806760b255b16d0e960bb4a0ef68ab9c707ed26e4
Q338P6,0,329,3e950a45b7fcc1006963e536bd1bd517b4a265e2b5290969f472dbf8911506d9
O87877,0,282,ff6ab8426b16943ed054e41a8c5172f9fdb02abe26df66083326c64ed34e311d
P34275,0,408,76e7820236fcf0bb52b75d4a78944e56fd7382a474be13cd58a8e84273645651
C8WLE3,0,606,0004e5f7c8e69548490c89b43598cb211ce2913c0c7f6e0b0ea8c30f82bd9ed8
P72449,0,517,f25f2bf42891986f6e0153f0ec037f00b3a0c34a0bfc48dede70e203b97cf17e
Q8KFK3,0,647,8a2a9d48d443282066588909663a50ecbda76ff7220f59142fefc5646845006c
Q9ZPY1,0,198,9da40d8e46f86d1603e8e79535b54879ae45e97e6e4b0a0ca563812b592897ec
Q6IWZ0,0,535,7256ce8c722735e743c994d6ddde115f8e59344d78b2e65eacbb8c52cae2e6a6
Q8KHS0,0,473,3d05f4a27e2634c884ab8e9a64cc91a3cc94a431e5480659ec43182a265a92b1
Q04515,0,187,47d3ce33b8a0b0319f775f9020efe1e83106ef22073439c2ae0fbd90bcdb291f
G2IQS8,0,288,5271a25b2b7fed3445c02092b05235364e75d9b5d63dbda50b8195146a370671
A0A075BSX9,0,437,f559454f7a41afe33325e9b9b286e1ce0e6ab68769a6f78890138a3e9104d676
P50264,0,508,cfa938a2beeb9abc682ddfecacd1e7b666e01bdb37fda032ab03572fd3adaac5
Q93NH4,0,425,1fdf80aed5f8dd3db40fd9fc39c91ca70eb03d359fa474fd756a56f4ed03741b
Q86H28,0,572,20f2fd5dc724c698a992cfc835e6651fdb1e6b3d042c03b5b831e59580990c45
P09368,0,476,e08561da578259fc4785d44aed340f4c17dc0ec4b2622784a1c4c652c85a1422
O74524,0,492,358fc1dba680a07a42591f3d8d418ff93052816b12b36346d55110d0125a2462
P74312,0,206,3763db67869c9ddbb74c63e06412313ba57df5318eccc42b2a9e454ed4c6244a
P42436,0,106,c7d55b69a0a6233ea665043e2472dde3229b7f9c0c0bd068903cfb69f12de272
Q50925,0,570,8b3f9d2bec7c2fcdded4726cb1dc77851ca51b1878cce7bb82d0d7639be73ac7
L0DSL2,0,553,39dc32a772662913aa3cf2c6304d1edcec6300fbd65356895ddec7bb5e48b769
Q1Q0T3,0,353,22a2f52a6d4f1c289ef06b33033214d02c90653bc8290f629131f7803ccc50fd
O33732,0,938,b1a302ffe70d9cc03443a1166d6b834247baccec898aeb0ce05689e91c93c1bc
P0AGG4,0,139,2d85985ca438411443c9e84d514040a3eed30ddd9e678687fe36cf05b36bce06
D4APQ6,0,404,1da3925e0f6582e534f8b6395c680baa008bc639f63850176f657dcd6cd6e80b
D3RVD4,0,270,9e007945f0bf77488633eeedac208369930524a6f5ffb2f1e8de40f0418dd3c4
P08761,0,246,cd9817a80e06fd2c1130209b757792b55599bc3fce25aaf49c4e56e285260a3c
O83641,0,291,45321845642e9ea571c272ff9b4099bef87b5ef2fbd0ed7ff52956897b6b2502
Q9AJF7,0,123,8925b6d4795ad2f0a8077b7dd84e81794f5f255aac4c897b615a933a1824b512
P97224,0,168,5138e2302f87f7cc159aaa8c2edc593e2dd9ddc2e429c103f3d757c33942d25e
Q7ZAG8,0,409,3772af12768349e012b0c52872bc175d14530c0bebfc4d5ddfc862c833e12107
P97207,0,184,6a2673c34de69b0fd8257c23f094d5041c346a3257fb3a949664d6d7dcfb14fd
Q8TLB1,0,247,c85e21d85831858f136085f3e4e0db1788fbc609928fd28304603fae6e1deda8
P45573,0,105,307122f94055c86fa662e1ac1e78e87d9509d78e2d5d60114e6917e3833de0c8
P80563,0,875,51693eede0c315cf6469ad543928aa358380cb9b460ac02112812b3e77bc5aed
Q9S1G7,0,239,f43a6e20b5945044b776f1b978a3bb36958716bf33213028937ce7f59c42907b
P80564,0,274,13dd8aaca3c8f9d3b8fd532fa4af55f632dbf229c5407de61f84a5abb87bdd0b
Q9UAS6,0,700,75016d1e6934765f1edb7df92da0b5ed590476e46843490fb018533beb6f271b
Q6MQU0,0,209,d19be426fb718475e80a244ff824751640f01229c861713d651191ef9ed02f47
P52422,0,292,0911ea00928a51fe8f050995d927b96fd1f8c11a71bf1be133c5bf1551ef4a13
Q9SKT4,0,297,ef52cbd43c912b3f8f727c4a5e84e879b538321962940e3c37773b7559c8a5c1
O06927,0,292,cdac04c88a4e254b1003467734b70193c331024ef22be8576a830a3be1921a0f
P9WJQ7,0,426,38c46aadf83c604f25c70b5f7c6d43a446853eac9e5f2cdc51f20750f110bef4
P9WG39,0,547,0ddd0d2ea7229a4828d0d34baaa9f4bc2fe50b24d28a23854eb6015dc8bd5635
Q10325,0,407,7860c645f11a171b5f9ecedd717d86d99a745d4ae5d6765d0b3fc308864e8c72
P08988,0,261,56f195aa777d6db0ad80778a2b11bff24963ac29b0e7722b8e3135171e3c4770
Q84WV9,0,320,8054c7df1d499ac2dbf768776b88686fda628ed7e0fbdd13f81ea6b349fe45f6
P16639,0,503,20f4fb9c39fe66e86a9f1ac6e3163725a1cf2f9a52bbf06922c5fcc5a8c7fdf9
Q55EI0,0,629,24ce94ed7e6512deff2e803271c34dd2249cf176c46f4ecee78a32fa23de69d1
Q2LTE1,0,629,11c2c6619fd875e94a49fda5fefbc9e169e8e1c95ddec5bacfe44b8e805c9ce9
Q9FD71,0,383,cfe8285395ea649decd4af1aa6f7e315d6e4dd13c2c33684692ef09cad374b44
Q9USX0,0,378,9062dc4151c06a797ac196a5f359d3c5733d7288ba2d5b0141e1a633c9e1e2f8
Q5JDJ7,0,675,030b371dc748729bfd94cd150c58ef63fd5e75976da544c04d9fe33391e2f229
A6LKE9,0,423,d138f6e0f61caed872968cd77e6ce78595af018b584df9c6a2173b795ddd2fe8
Q9ZQC6,0,351,f4a744ce66b0e1780c2554d36e352b018db839c98d441c81c7bc881d35a250ae
Q02166,0,444,11fe6711fc42cfc279f8f7767494915a488818b376842bd0f82ef9a9ec01058e
Q7N8B1,0,408,ea8cf288922089f03c173610affa92e8ff5896a748bd6c0c45f9fd35f78389ec
O66663,0,353,2d65665f798123187b63030470b4afbca11c87c415cc36ac27322fe7f72b73ce
A1XI30,0,432,9e410b2e3de160e35afc0c615764d88e0016c5be1131f65e86b4e9683532f0f1
Q0WUA3,0,382,af1084c1a53fff26aa52a55fa70feab4937d920599556211dd292e8a0cff6d35
Q09832,0,418,e165137800bc4f396a6e5fdfa42bda51edbe3d07fd86a3b66376fe83f799609f
Q58428,0,569,91de9daa94c8f6d740f4652ddef6cde682fed97a855b493bccf8de293391e9b6
O07587,0,393,43bbe93dd71d0c548259e1c40456e492ec8bb8c75451fdb26add4671ae3de421
Q9TZI1,0,549,d2c520ffd85fe2de6917fccd240aed38ae79c5bd4602ac0a49b4697361beca59
Q554D8,0,447,c7cccd77a0b3c0226e02fe729bdeaa3a48751911685bc84cf2a0cdf2f108387d
D2IYS2,0,807,160d544026f739115054305dc6d90a01bbd3013524889a32a5978770ff6ddaeb
Q9GRT1,0,350,8181cb3e568e7579f9e1577a8849590bc24716207a9dcc352f91cbc76483eb55
O31671,0,506,e64e7100c40e4b5b271f1818c91c00dc6a5bf3d857afa0e1d3e695fac4ec4a71
O34206,0,595,9c662eae37582962cf442cb1a6afad06a48333327ae5997972abc9519b3bf0be
P30663,0,519,b78bef15d8a10128d16f9e7a26491a2e1b46650ac0635de79ac1d588352b256e
Q187N7,0,157,11ee521f312e91f0905e18082528885ff9c8fbdcfe9b669db6637977a4908a45
A4VFY3,0,476,c3c95c32323b81a85505c50b0c01768c3339ee2b1f4a579c458632868b899a51
P9WKE1,0,214,48e7ab04d4a26258389c1742d2cdc846a0959dc7594bb5cebc860739b26ad127
Q8NM65,0,306,df8fb363fb6be4352ffd85bd4c59bf0b2a8efc14428eff4e4f61ba25748f7402
P35202,0,319,c85255cc97f64d49259073401c52cd4f4133fb0bf6be47597ed410d28994a4d5
P30636,0,243,e356294ca4ba9f776ff0de603475836e77446bbf803b4aa93b76d1b75bf00e75
P72736,0,195,ae3ad4dd9c2d2ad83d0a3ca3eb691a856bb658e3afd7a612500fdd49ebda70f0
Q8ZTF9,0,106,b10752c60daae81bf1d3c5dfe893c15d5748a4d0b9df9f185cbff4f1e27dc305
Q95ZE2,0,384,a8e335a05b2d5600b499ac472e3650f60349e8f09cc936a23c1bc3ba4379c073
Q3IYX7,0,221,c3354addf7df8ef8c22d54a037daefcc76efe73bd81e23b85d1b7e8a26d39439
Q5HLM5,0,721,f4e6669e934da344ae051b9389169d1eba33dadc877edf59944210dd6842d919
P23857,0,104,6bddb45cf4c82ee922a2db21cd7f8d84018982f6550b1ff7f9b5acfb587fe2b8
P91247,0,277,36509b4f50edbf887333330140f7f2f8d0e59a6a0c5be64ce80c0f097c4484eb
Q56210,0,165,909179c41e460ad1d5864dde4474e0b3feb6c81f3520358ce9984e86a392290c
Q3EDG5,0,500,32ff04f2a6f4dfb93ed0e1fce709c764a59e3fab938272207ea017182f3dc540
Q9KJF0,0,410,6053b0ad5f287d3fa60b53e4403a5f2dc0890f8518408e5ce058895d0dc58532
A0QIR4,0,715,8063da56fcb7d1a21103e3542ef37a551c775c9d198dd656c7e1710eea0271aa
A7J2C6,0,348,882748825a87f3ad1876c33b7b2ff059d27f7bba9ed674166681bf93b1f10244
P40601,0,645,760f6af2826ad15302a599c7fee95a3d990b3673ba88722d1dbeabecb5c4c5f9
A0A345BJN2,0,218,a99334659bffd8b3348b0f7642b9c4d0adbbe8a0c75682e1ab26269254773788
E8PLM2,0,528,d7286dc82ae5311cd4c36216dfd9347fa29449622b116be5d2a1db7aa01d208e
Q57822,0,170,d2fc9d75235df2444d57ecd602c384403897657b5065f0d8194530dd3f386b91
Q6ZUV0,0,252,60e673698f7471d50f368a7680e9c8c9f517e0326f7b5169bdf8ee499c1b6e29
P9WM67,0,183,d421e40f3a85a4e5bc3292f3f4432cd82de00731de1ca85b1c121410ba531aff
P24546,0,366,d7ff4c46d2b3db7039d86775ff6fe7f7d22e310d8e4860dc785d1107bab8496d
Q9YAD8,0,156,5c13aa88da9e4484de1f9e8c8d86fed2c54b21423c8077858742bd71fc978f6a
Q54EP3,0,171,69e7cbc1e1bde02cbb7c9bca184b2fa86423eda962dfc3920bf15a5aa6f68d9c
Q9T010,0,295,0b6cf28eb5aafb03b12d4a89f8d13cec69f246e3e007316e0d91b2281f91fe58
Q9LVQ8,0,414,5bbe9f5b9537018f431825fa3cf6d9b9d920cd3c9cdb2b885ba51569640bf0bb
P37646,0,255,4805dc3531fac7b68223010594d64331ce4bbfd83f84227a96514afc31baf842
B0G0Y8,0,466,88750f88296ed37c44054078d076fb59d86adda55af7438868372543e8055fe0
Q52556,0,528,c6f9a38467d0562f7835e8359fab35f7496634c2444e5c34f9fdc910961516a7
P51691,0,536,09b1799fb23382767721f71773d3f53855214534248126f1c27b53ae83a12942
Q7SIG4,0,314,71ec9b1cef7a859404efada525c1f75b7c39264399c34ad0f94196da32bf4c5b
C0SPA0,0,718,4bb7f92dc7b57389fda91b2f0cc2527bbd506d6ee83ae20df764ee0af1ced819
B2UNU8,0,794,9a3e654cfc0c3dc1514f7ee83949c4b30b3b006b6190eeaf69408b8be70742d2
P16218,0,900,c0ad7a00239194c4ec2118f212fbfab73223044412760237471d80b13f4e9c7c
A0A0H2V8B5,0,307,f13286e88cd2df7ee944d184f39fca2181f60fef9dc9e66dcf3d90b02a64e3e3
P0DTS9,0,280,0937762cc63900aaa77e4c38145a965880105cae6a263aaae5f69a8d787d0b95
A0A1V0HUU2,0,259,14361be58a5152b3bf969c9df5debb83b5f90acf2156dea054fe3df2cae962db
O53388,0,214,42666da8237b4fddd03051d7554a1a693f2f39f8978594a3f57b471a9aaa8f81
Q5ZU17,0,216,98ede4d13f79f4a5e5ef3b02a2c2d7ea62c5b9241045c704e6ed734fd63d6f91
Q48677,0,355,307de1995980a4b7e5a4c50736a7e34b4491ce1fca247ec0180552459650ae4c
B2KZE7,0,455,1a390bf5fa4012bed425f476d39647051bccd4465de166bb5806f02995974ecc
O85304,0,433,6a01fa2ce69bc15bc393e1267282570bc95b2a4d431c7d32a302967cf38e992b
P74268,0,247,d2fa21958d3bb750708385bcca289c6c7e40ee0aeced00f4a8cca0b464118f12
P35150,0,382,0ab6b147f983bb060aa49420eee94b8c1505ca183362a1ae4b3382e94a4e379a
P39042,0,291,16748a573f5b0d3096f235aa8ffe9458d1a07d0a3af8445cc6b0f56ba2cd446c
Q86I79,0,522,cb1d0baed0201b177778205880823d0513ab92d2e55ad41b6c94d1cc58cc28e6
P04069,0,303,aae59ac4d07537acb92142e7bc81155fa5d0e87884c3ba73030cd6e70797c8d7
P0AFV4,0,188,54a70467297d550d0a02fc99e96c0c3274422a2cb91122d715219c7568366dd7
O31852,0,414,f9948647a5ea75b5bb3970de61cae29de818e1841e1bbebc1258adecac7d7c36
Q03415,0,396,2995efceab734ca0db7729fe2aaa8bff733d0a94a364d98213e36a3266f6cad5
Q9I2Q1,0,154,81662021c5a5410bf4cd5cafa4b20632f58dd1a1020cb3cc79e97c9ffe96c5b1
Q5JIZ5,0,663,93bfa898cdfff920e7d999bcf314e2eee5b0edfc6e8a4dbbdd0013d58e5285f1
O06291,0,528,06b78eff8f2dac0c11a6d2cc4f6918d245259270d9f336e66130f9cdad5af640
Q2FV99,0,206,032503462c57c0bc4f25a4199d5e746a91ec7beb7b975b8b5b49b109acab3e50
Q5UZH5,0,341,759b00443d01c182a805f3307418090a8231aa15c7e592157ec286321fc53bd5
O05156,0,362,d130e5840e88ca4679fdc4a924fa2193950faf7f994750b35bfeb3cd16966c8b
P00801,0,178,6124ca10b7f00265c46a6f2a1555e6b2cfb642ad94a376fe93d03de644033667
P37112,0,370,046c83361336e4e3cf1df842297002137ff3c944706ac95474c10bf8478c9e77
O64876,0,347,68443ad83d88451486345a77fb28911c1b40afcf932c39b7682af2abb00ef955
D4AXL1,0,595,b0dc0d02ef0a4d034b5262d81e7f97f1f9c1117e4699a022a7ebaf711afd3ae3
Q59514,0,313,a15626f95e7b69aa1f2d5b67c8526d74d646f0893690ec1fca1d6ed461a8b57f
P73270,0,390,8b5f32150fe8a7abb1c0723a52f1e90080d476b347a49a72bf62adb75a7d002c
Q9RW45,0,418,51a52dd54ff9d741374daa71d8679ced6cf60a3f32d0713bf108e4dde8eca248
P51599,0,313,a12f4bbfbf6229e3ed8057ee1bc722d6e4880ad4186ef4def1460edeb975f6bd
Q9S847,0,223,90f4420ce7e5f744268a0c2abcae8c5ae57ee46b90784191e172c03a24533005
Q94JQ4,0,187,9392869831a67b8e7a6ec7e8ec5e8e0bebda56046ecd51f9824f6c56e054c7b6
Q9KWS2,0,142,6dd043af66b4ea5daaff8e1844682ce1a85f5a3c9f1ee761068ede70ac8c4b54
Q54BW5,0,179,c58591109d4f3f8a64efcb733841e727a5fa6839a3aae0051871dddfd95c2b46
Q2W9Z8,0,267,87121fd0d4928ea7d51a11428c73680f1ca385af2b915b50d345e14f3a5b2910
P96590,0,149,32efcc31dd55b73ba5a80943b247d12d87015a9fc3c3e2a7fbf957f1b5ea7266
F4K1R2,0,197,243ef0e1d63dcc10240e6bfc573a08c2c6790e00a6dd3edb83f0a2e9c480cf05
Q8GUN2,0,147,a11002e8146f88cd7a74ca57fba4ad339c067fb7b0527d69b0769178e0fe0c7d
P37024,0,809,271e17532c3746b28cb4f6c1205072114b28944fb76e1f7733f101bb9aec0387
Q00246,0,291,0c2488370974a52d03eb913d108204346862200c71371dca26273888b6253799
Q55AX0,0,904,2fbc4a4ff05c4fa11e3268cd97a73294fbb080dc7f2c81016630e3826502a6be
Q58544,0,323,021cff706feb7087a94a8b796a987d519b4c7e0af3f7214939ebce4e2ed1db36
Q05631,0,351,6583d1a063a4e5022215bef1549668d3900340c8de8c8378484fb7e64a606a87
Q59727,0,330,e1375768a60004202a2474d00f25402eee1fcc074802e86e4205a1e8927aa937
E9FCP7,0,501,e5fdd7122d3298f6d8f018c93072184be3e821edb2d0e04874a684ad5b4ddc0b
E8WYN5,0,131,32d39a7dbdb67772c85ffdac8b325b98147604c1b7bccce53a2319c1b90b50fe
D0ZLR2,0,247,fe861709673bacd6ab2d5c6968558314ad4b6214fe92d7654a465aab20d844ec
Q46DA4,0,413,fa9b051b681cac8320cc8a7ec419df8d2e0bc9992adeba26da63a3082d55b574
O07717,0,398,76f9b898322a7aff33afac58bfec608a5cc8ceab143f6f1ad6fed92b4d92ccd4
O81027,0,468,d47aadf5e7afe8d9df1ceed3e4e633637272256e96dafa48ab2f8f2c7d31569b
A9CH39,0,507,028b016a0513576a1e528e638487f8a184a1b1fb222002d3d637d3dfbc1fcf8c
D4GP40,0,412,0b173980928d42e9a131d40fdf26c74aaaaed4ea7bc97413e30cdaa66f997452
Q59639,0,233,4d464a85aa4fc65a2be48e2ef465a2b57025b39424fd4de892e62483cf0e6cb5
Q59801,0,807,95577035a3eb46ccce8255734f291d5f0aa76e3e55961e851fa26138aecc5546
A0A5Q0QN66,0,659,4ce320958293a06b4dbe90cf92494ba51031e98f3826c2161f798968051fc096
A0A0U5GNT1,0,528,92c38c453d0d89c62678c261deb2e07580ca494c158c2f6ca5480d3b03c818e6
A0A0A2JP58,0,389,049f24c88fc16826a03c0b727845195a25d792f255d012c0f1b9bc5247563af9
O27397,0,312,fae70bd8591fff44c52d881fb6b44f4a8ee2fd4ffade51ee9e4e5ce716b2a470
Q58030,0,344,daca64ae3507e2624fb4e0570eb229859c6c7cfbf560062dfb8f60f8f0bb9fd5
C8VC05,0,443,f3a8bbde4ad553e902a339983c8023fd7e68a1b1367785276abad83753188d60
P0CF22,0,210,1f34c68e9e76c7e2d4240443cbd12733c2c0bffe2148ffb648504835a16bf921
Q9W1L5,0,406,06298ce4c0bf5c5e306a0e0b89a6931ff215ee6a3bd08e9b1862b85fa089bd8f
Q66I06,0,191,fe4a176fc9bd8a7f06c5243898486418dfc451460b68a4c6b71b2ad49d2c6cfe
Q981V0,0,927,78559e5a59f90d041c2f8932ed1dba7a47a12b7b9bbd6ef9e827a299b0d1988d
Q8EZ24,0,237,f7d1d5c9910e98407bd8c4584c75f63a1fc70fff5074b9f5734baa99f1da1a96
Q0PBX7,0,247,e07dd590cc5081355afe725f7a6b19d2daee5bc506b43e1c8faf7cd86ea5906c
Q9M8R4,0,388,cb180c549076d3facb510aebb6de5b81502f25f7c4021359fb59fbf3c8439190
Q5LW89,0,152,397d5d57f74b347ea2fa81182263b47237a35983cb2f9e44f1eddec45034c066
E7DDH2,0,401,ee24ce384be9bca219f02ebe339ca8b840dec61f27109095c63d1bc73c1497f1
C0HLG3,0,156,e3149307fdc659a8d6c4148032d5a69e5b15c5bb8550b74ef75bc22a9756617e
P30289,0,141,ac3f4e8a53ae4c04692052fb3961662bc93addbad5ebcfed837132d6f0bf46ce
O29537,0,132,3162a160d0832cbbe3a0d3311df9bee8d3be920d299c02592ede5f180d797b02
O51127,0,261,3567996d66833d05e381967d030317dfa10dcf6b86e5af4a05029bee7dcf89e2
B2S303,0,268,53d009adabca51f690ff8e4570e6063c3b65372fb78a6a3320f158f9289964bc
B7J192,0,372,722a2326cfa09cd3750172bb194527dadb4a94ea67de2f9a41139a0c82459307
Q40784,0,329,398bae07c541e9a3b7d189eb053120de348c671372fc3f306fc1c251bc53a208
Q8P3K1,0,125,4183d9f3d9b660f1d0b627682cf854bbf2df221e5bd891007f2b06fc1f6538a6
O58010,0,136,65fe0d9bdecfde62593d2487e39d27569c44e93ae17c0244d92f1e6ada72b18a
Q3IZP4,0,134,dbfec22689f26ab622cda2a3949d0f23f3ec47694e6e48800073b3a98ab33c5c
P44721,0,313,21c349aaaec8011a6f4a31d2d767ed43a8ab66d2bf0f376153ec577d433a363b
P0C1J7,0,385,515c556c7b8378cde0577f43033f4b131f268ecf78e127257d73c41f2686adb1
Q9SCY3,0,217,1ca49e9b9ba8d8122db0e6a7cb0d83acfc49764edc475b35831e6ddaefcb38c9
Q9Z5B6,0,231,cff202b040e932ed2d001d46899a347cd8a40ef3c45fe954e34cca39b90f9524
Q55E32,0,219,ac3949f302b29b60244fd76fcc67e9dffa0f45a7744e692651287a7c4db4eb94
Q05354,0,126,a5422fd3151831fbdb80daaf6c7e9ceac114bb0c86a8d1cc11876d12fdafb632
Q99316,0,277,962183b7c4e1fae228df7e644f2afe3b9cb8659dade9129594483c35474a1f5f
Q79FW5,0,584,cfe4919e06beafc030642a5cd8bdb0ff58ebb03ba9ac6b671449d811ae5094ec
E3PY96,0,121,6df7678e183d9ec2b1a26147071b5d3f9bd53e5ff466f097d30faa427ad89b38
O74038,0,434,c3cbb827837bdacda81e08292f52d2292f04391f6eac1d5b919dbf227b176de5
E3PY95,0,740,1a5fd63214f54ce2e92ef441a773b6307716b26a7803b1b21686d8dab1d87392
O52214,0,135,9805308f36f89d11e55133c927da6bec8e16545a2091af65e6cd4cd9d3054f7e
O52216,0,164,49bddf7b2e2395d45d654164691f9aca17a9621515052f85eb0e6ad58db49497
Q609C2,0,224,91eb2c82d79d732d7a95c94a357b8b6e646154555cb29ffbb6a1aab4f756e50c
A0A2U7XUH7,0,214,d7782f8cec236608f7dabd434a6339e0a15dcfe4559d245d4bf28797bdcbae85
Q54KQ7,0,655,6bb24e61d39ad8179b83c5e7b809a8f509a6686d7190d70cb2e3850a1f8de1b9
P34808,0,472,f4caf1e9d0f257bef2ef60032b40f28727145e62bd54b6c672dd2c7ec8fc96c7
Q9FT74,0,606,deb7afd320a00d18814e8bdd6d9c7e7a244fed4b91cd1d29f86c4b7edc6243db
Q9FT69,0,858,10dd1d198066a7bf96e51834af31df5ab2bef2749ac9ae01977729101f7437a9
Q23122,0,793,b0fae5141a161dfecdb9ae17a772524d14ac736db8ff1e17e5f5795f35382f63
Q9X895,0,580,f745c2d0db7395d223e8cdf973758b4ca3b892db9f2f2866c1fbe34fc3c39d68
Q8VYJ1,0,560,e8eb66461207de7cd8bde825826d87f7950b0b4cad09b5b392801e201d85f160
P19409,0,520,cb5910d71835f33865458bd2ea6ab0b4b9a67f0e2b22c81a4395a7a1f4cae43a
P0C7B6,0,521,ff1501302fc3b086b521babc917808d30d075f5c1d5ed0ee83c52178a3b9e1b8
O13629,0,363,c628e3f70e67a5b8fbcae0814dab6d8ec18ad0ac987c385a0952e9447cbdd5f4
Q86B00,0,499,f67663280b5bfc8ff1d6f75a1f7b05d21c37a1f63bf52c25905314c3cd379b53
P38254,0,753,73680062dbc53026af627686359b9981a93ee93855aed7f5ef85c91a0ef8e8ea
Q8L539,0,277,cffcbd78d6cc2b7788ae8491194bcad5b33bae95614c33b7cb2460817728cafa
Q9T390,0,367,2000d50a2e5d99e3fc67ed9a0918bda904664924d250e123ff663e2c7997726e
A5UK38,0,367,56ad2e48d61bd582a2ebf004cd2ac872dbd1bcca02c570b152f545aa272c0074
Q7UNE1,0,397,a36e11e0562dd6a72fe0b84bbd8186a88bda02f59b101227c256bbd7b2b0dc7a
Q58456,0,515,61789cdef8010854abcf7e5f082466817cbe1ce6acd09bef37b2df847d21dcd3
Q8RM02,0,168,ec2b9f7beb6f0c9a82d0e33ebbf97a58245ef98d27545c773917a6e53313e9d4
Q5P5G6,0,303,25955e1946b470df26e392f0d5271fb226227e12b5752df83b91a63e79d72902
Q57706,0,404,1ea4b59d620aa3a3425da02f27afdd6096d1d28cadfdf2879bb21081f479cff7
P29933,0,332,193ef0486cc098e46fb07ecd2ceb522f9834f77dca0b5c112fbfe24434fc7721
P29934,0,631,1ac7782d71aca3164e1476caeea58cba80f8eb9877fc007e247e6e5563b93654
P26174,0,284,8be556b10afd9250154a4fd76293627d5fa2964c6edde590cd1267be1ee756dc
P19968,0,201,946cf0795ef4d9987efd6aec6386326c8818e10adbc56b03f19183cb0ce34c75
Q02854,0,189,ddef1db5532aa557a19737b91918e431d2180a9f31b538ddce5e1cbd3aca5d5e
B1AIC1,0,799,40184570eb9cba324562800784ba208afec35b5cff6be2a90f310a6b08235893
H6LC30,0,207,e30bb67a0ae31f28149415b81d241e90c17ebb15c65edd8c254e4155a6620084
H6LC27,0,333,7cfaa20e1b6d2329a5e58d00a6c5e79ef36304d5bae69de016e6cd1e13664062
H6LC32,0,443,ee820fffe18fa365ad62004610fca843f6191618d0cef66312b7c3c214b894fd
P46904,0,386,f50c11b57e35dd9e59a07d2c58c2d39a3beded7e093629e295deccae2a1de4c4
Q56724,0,115,47619a2f1ed4e4371353f613e26aa6bd28d8c1f90516a5abcee37d8074ed023b
Q06700,0,587,2994c72d4533191c01b38885da75ad1807ebdf54aa98587810b93e1a7f7f5dcf
Q2IN45,0,498,4ac171a8c2af49a455fdfc47dec6c44379483809ea54be4cf8e83d7cd2d05f10
Q57399,0,253,60352c763f54e490edfe33d6819578e72e3cc03a1637ad5ec01e0fd92499e7b2
Q0P887,0,331,53a9c1ef379772ba79500e521fb74adb4d8350d3ba9981835d4bf05f31e88402
P31742,0,567,6eb62d752564e3112496ad7c755f0f9d9909ff209bd158f1f14eb55b5af0ed94
Q7VSX3,0,339,fa6c8d668bc0b26de89bb5235bd342029413d66604a20dc5dfaf0454a0fc3b4f
O21280,0,222,24eb7547143e2410d60a55d9c480f53d545bc3f83d623c0a485a815c85987c23
B0R5G4,0,398,59bed43348751efd41153392c75da7a48e4001909057c00f45b4f2e7d93069c7
Q57I19,0,336,50c62031114f8fdce87b78cbcf7361e26ea12a54105687e7e885f0d24a3fd356
